{
	"class_name" : "PinholeCameraParameters",
	"extrinsic" : 
	[
		0.75489498667922916,
		-0.506563416526018,
		0.41656579807283106,
		0.0,
		-0.38937649918689232,
		-0.85727047808235635,
		-0.33685793636102501,
		0.0,
		0.52774946799359901,
		0.092091435247455777,
		-0.84439307587552903,
		0.0,
		-68.361701031601996,
		432.87081977331974,
		281.71027880803274,
		1.0
	],
	"intrinsic" : 
	{
		"height" : 800,
		"intrinsic_matrix" : 
		[
			692.82032302755101,
			0.0,
			0.0,
			0.0,
			692.82032302755101,
			0.0,
			599.5,
			399.5,
			1.0
		],
		"width" : 1200
	},
	"version_major" : 1,
	"version_minor" : 0
}