{
	"class_name" : "PinholeCameraParameters",
	"extrinsic" : 
	[
		0.87482375121720257,
		0.44955608886375742,
		0.18050686211826905,
		0.0,
		-0.46253524332535001,
		0.66433583957640452,
		0.58712778927272136,
		0.0,
		0.14402969481402639,
		-0.59712412044719432,
		0.78911230619725037,
		0.0,
		-91.754959941532633,
		-341.313013502731,
		21.91164070598748,
		1.0
	],
	"intrinsic" : 
	{
		"height" : 800,
		"intrinsic_matrix" : 
		[
			692.82032302755101,
			0.0,
			0.0,
			0.0,
			692.82032302755101,
			0.0,
			599.5,
			399.5,
			1.0
		],
		"width" : 1200
	},
	"version_major" : 1,
	"version_minor" : 0
}