{
	"class_name" : "PinholeCameraParameters",
	"extrinsic" : 
	[
		0.8615312871912546,
		-0.46833968401768306,
		0.19601474833490681,
		0.0,
		0.35992589007756903,
		0.83570326366839542,
		0.41479321202963559,
		0.0,
		-0.3580742867652601,
		-0.28680654711531495,
		0.88855208608687708,
		0.0,
		-357.88651895999482,
		-146.0792037217104,
		74.190402151794729,
		1.0
	],
	"intrinsic" : 
	{
		"height" : 981,
		"intrinsic_matrix" : 
		[
			849.57092111253439,
			0.0,
			0.0,
			0.0,
			849.57092111253439,
			0.0,
			478.5,
			490.0,
			1.0
		],
		"width" : 958
	},
	"version_major" : 1,
	"version_minor" : 0
}