{
	"class_name" : "PinholeCameraParameters",
	"extrinsic" : 
	[
		0.91960775049204113,
		0.30355886214347488,
		-0.24934635038260899,
		0.0,
		-0.367401863171118,
		0.88928581668561835,
		-0.27237218503397909,
		0.0,
		0.13905918226913008,
		0.34208588608118845,
		0.92932222096035622,
		0.0,
		-136.33923688564681,
		-390.28886142520872,
		430.37343236090931,
		1.0
	],
	"intrinsic" : 
	{
		"height" : 800,
		"intrinsic_matrix" : 
		[
			692.82032302755101,
			0.0,
			0.0,
			0.0,
			692.82032302755101,
			0.0,
			599.5,
			399.5,
			1.0
		],
		"width" : 1200
	},
	"version_major" : 1,
	"version_minor" : 0
}